<?xml version="1.0" encoding="UTF-8"?>
<!DOCTYPE mapper PUBLIC "-//mybatis.org//DTD Mapper 3.0//EN" "http://mybatis.org/dtd/mybatis-3-mapper.dtd">
<mapper namespace="org.springblade.modules.customer.mapper.CustomerFormMapper">

    <!-- 通用查询映射结果 -->
    <resultMap id="customerFormResultMap" type="org.springblade.modules.customer.entity.CustomerForm">
        <result column="id" property="id"/>
        <result column="create_user" property="createUser"/>
        <result column="create_dept" property="createDept"/>
        <result column="create_time" property="createTime"/>
        <result column="update_user" property="updateUser"/>
        <result column="update_time" property="updateTime"/>
        <result column="status" property="status"/>
        <result column="is_deleted" property="isDeleted"/>
        <result column="customer_form_name" property="customerFormName"/>
        <result column="customer_form_num" property="customerFormNum"/>
        <result column="customer_form_titel_img" property="customerFormTitelImg"/>
        <result column="customer_form_end_img" property="customerFormEndImg"/>
        <result column="customer_form_titel" property="customerFormTitel"/>
        <result column="customer_form_rich_text" property="customerFormRichText"/>
        <result column="customer_form_submit_success" property="customerFormSubmitSuccess"/>
        <result column="customer_form_labels_ids" property="customerFormLabelsIds"/>
        <result column="customer_form_id" property="customerFormId"/>
        <result column="customer_form_html" property="customerFormHtml"/>
    </resultMap>


    <select id="selectCustomerFormPage" resultMap="customerFormResultMap">
        select * from sd_customer_form where is_deleted = 0
    </select>

</mapper>
