<?xml version="1.0" encoding="UTF-8"?>
<!DOCTYPE mapper PUBLIC "-//mybatis.org//DTD Mapper 3.0//EN" "http://mybatis.org/dtd/mybatis-3-mapper.dtd">
<mapper namespace="org.springblade.modules.returnMoney.mapper.ReturnMoneyMapper">

    <!-- 通用查询映射结果 -->
    <resultMap id="returnMoneyResultMap" type="org.springblade.modules.returnMoney.entity.ReturnMoney">
        <result column="id" property="id"/>
        <result column="create_user" property="createUser"/>
        <result column="create_dept" property="createDept"/>
        <result column="create_time" property="createTime"/>
        <result column="update_user" property="updateUser"/>
        <result column="update_time" property="updateTime"/>
        <result column="status" property="status"/>
        <result column="is_deleted" property="isDeleted"/>
        <result column="sd_return_money" property="sdReturnMoney"/>
        <result column="sd_return_money_time" property="sdReturnMoneyTime"/>
        <result column="sd_return_money_type" property="sdReturnMoneyType"/>
        <result column="sd_return_money_remarks" property="sdReturnMoneyRemarks"/>
        <result column="sd_return_money_contacts_id" property="sdReturnMoneyContactsId"/>
        <result column="sd_return_money_dept_id" property="sdReturnMoneyDeptId"/>
        <result column="sd_return_money_custom_id" property="sdReturnMoneyCustomId"/>
    </resultMap>


    <select id="selectReturnMoneyPage" resultMap="returnMoneyResultMap">
        select * from sd_return_money where is_deleted = 0
    </select>


    <select id="returnMoneyList" resultMap="returnMoneyList">
        select * from sd_return_money where is_deleted = 0
        and create_user = #{userId}
    </select>

    <select id="getReturnMoneyDept" resultType="java.util.Map" >
        select id,full_name from blade_dept where id = #{sd_return_money_dept_id}
    </select>

    <select id="getReturnMoneyContacts" resultType="java.util.Map" >
        select id,sd_contacts_name from sd_contacts where id = #{sd_return_money_contacts_id}
    </select>

    <select id="getReturnMoneyRemarks" resultType="java.lang.String" >
        select sd_remarks from sd_remarks where sd_contacts_id = #{id}
    </select>

    <resultMap id="returnMoneyList" type="org.springblade.modules.returnMoney.vo.ReturnMoneyListVO">
        <result column="id" property="id"/>
        <result column="create_time" property="createTime"/>
        <result column="sd_return_money" property="sdReturnMoney"/>
        <result column="sd_return_money_time" property="sdReturnMoneyTime"/>
        <result column="sd_return_money_type" property="sdReturnMoneyType"/>
        <result column="sd_return_money_custom_id" property="sdReturnMoneyCustomId"/>
        <collection column="id" property="sdReturnMoneyRemarks"  ofType="java.lang.String" javaType="java.lang.String"
                    select="getReturnMoneyRemarks"/>
        <collection column="sd_return_money_contacts_id" property="sdReturnMoneyContactsId" ofType="java.util.Map" javaType="java.util.Map"
                    select="getReturnMoneyContacts"/>
        <collection column="sd_return_money_dept_id" property="sdReturnMoneyDeptId" ofType="java.util.Map" javaType="java.util.Map"
                select="getReturnMoneyDept"/>
    </resultMap>

</mapper>
