<?xml version="1.0" encoding="UTF-8"?>
<!DOCTYPE mapper PUBLIC "-//mybatis.org//DTD Mapper 3.0//EN" "http://mybatis.org/dtd/mybatis-3-mapper.dtd">
<mapper namespace="org.springblade.modules.businessopportunity.mapper.BusinessOpportunityMapper">

    <!-- 通用查询映射结果 -->
    <resultMap id="businessOpportunityResultMap" type="org.springblade.modules.businessopportunity.entity.BusinessOpportunity">
        <result column="id" property="id"/>
        <result column="create_user" property="createUser"/>
        <result column="create_dept" property="createDept"/>
        <result column="create_time" property="createTime"/>
        <result column="update_user" property="updateUser"/>
        <result column="update_time" property="updateTime"/>
        <result column="status" property="status"/>
        <result column="is_deleted" property="isDeleted"/>
        <result column="sd_business_opportunity_name" property="sdBusinessOpportunityName"/>
        <result column="sd_business_opportunity_sale_money" property="sdBusinessOpportunitySaleMoney"/>
        <result column="sd_business_opportunity_dept" property="sdBusinessOpportunityDept"/>
        <result column="sd_business_opportunity_contacts" property="sdBusinessOpportunityContacts"/>
        <result column="sd_business opportunity_note" property="sdBusinessOpportunityNote"/>
        <result column="sd_business opportunity_status" property="sdBusinessOpportunityStatus"/>
    </resultMap>

    <select id="selectBusinessOpportunityPage" resultMap="businessOpportunityResultMap">
        select * from sd_business_opportunity where is_deleted = 0
    </select>



<!--    商机列表筛选联系人-->
    <select id="businessOpportunityRuleSelect" resultMap="businessOpportunityList">
        select * from sd_business_opportunity where is_deleted = 0
        <if test=" contactsId != null and contactsId != ''">
            and sd_business_opportunity_contacts = #{contactsId}
        </if>
        <if test="userId != null and userId != ''">
            and create_user = #{userId}
        </if>
    </select>

    <select id="getBusinessOpportunityDept" resultType="java.lang.String">
        select full_name from blade_dept where id = #{sdBusinessOpportunityDept}
    </select>

    <resultMap id="businessOpportunityList" type="org.springblade.modules.businessopportunity.entity.BusinessOpportunity">
        <id column="id" property="id"/>
        <result column="sd_business_opportunity_name"  property="sdBusinessOpportunityName" />
        <result column="sd_business_opportunity_sale_money" property="sdBusinessOpportunitySaleMoney"/>
        <result column="sd_business_opportunity_status" property="sdBusinessOpportunityStatus"/>
        <result column="sd_business_opportunity_note" property="sdBusinessOpportunityNote"/>
        <result column="sd_business_opportunity_contacts" property="sdBusinessOpportunityContacts"/>
        <result column="create_user" property="createUser"/>
        <result column="create_dept" property="createDept"/>
        <result column="create_time" property="createTime"/>
        <result column="update_user" property="updateUser"/>
        <result column="update_time" property="updateTime"/>
        <result column="status" property="status"/>
        <result column="is_deleted" property="isDeleted"/>
        <collection column="sd_business_opportunity_dept" property="sdBusinessOpportunityDept" select="getBusinessOpportunityDept"
                    ofType="java.lang.String" javaType="java.lang.String"  />
    </resultMap>


    <select id="BusinessOpportunityDetail" resultMap="businessOpportunityDetail">
        select *,#{tenantId} as tenantId from sd_business_opportunity where is_deleted = 0
        <if test=" id != null and id != ''">
            and id = #{id}
        </if>
        <if test="userId != null and userId != ''">
            and create_user = #{userId}
        </if>
    </select>

<!--    商机详情-->
    <resultMap id="businessOpportunityDetail" type="org.springblade.modules.businessopportunity.dto.BusinessOpportunityDetailDTO">
        <id column="id" property="id"/>
        <result column="sd_business_opportunity_name"  property="sdBusinessOpportunityName" />
        <result column="sd_business_opportunity_sale_money" property="sdBusinessOpportunitySaleMoney"/>
        <result column="sd_business_opportunity_note" property="sdBusinessOpportunityNote"/>
        <result column="create_time" property="createTime"/>
        <result column="update_user" property="updateUser"/>
        <result column="update_time" property="updateTime"/>
        <result column="create_user" property="createUser"/>
        <result column="create_dept" property="createDept"/>
        <collection column="sd_business_opportunity_dept" property="sdBusinessOpportunityDept"
                    select="getBusinessOpportunityDetailDept" ofType="java.util.Map" javaType="java.util.Map"  />
        <collection column="sd_business_opportunity_contacts" property="sdBusinessOpportunityContacts"
                    select="getBusinessUserId"  ofType="java.util.Map" javaType="java.util.Map"/>
        <collection column="sd_business_opportunity_contacts" property="sdBusinessOpportunityContacts"
                    select="getBusinessContactsId" ofType="java.util.Map" javaType="java.util.Map"/>
        <collection column="{sd_business_opportunity_status=sd_business_opportunity_status,tenantId=tenantId}" property="sdBusinessOpportunityStatus"
                    select="getBusinessStatus" ofType="java.util.Map" javaType="java.util.Map"/>
    </resultMap>

    <select id="getBusinessUserId" resultType="java.util.Map" >
        select id,real_name from  blade_user where id = #{sd_business_opportunity_contacts}
    </select>

    <select id="getBusinessOpportunityDetailDept" resultType="java.util.Map">
        select id,full_name from blade_dept where id = #{sd_business_opportunity_dept}
    </select>

    <select id="getBusinessContactsId" resultType="java.util.Map">
        select id,sd_contacts_name from sd_contacts where id = #{sd_business_opportunity_contacts}
    </select>

    <select id="getBusinessStatus" resultType="java.util.Map">
        select dict_key,dict_value from blade_dict_biz where dict_key = #{sd_business_opportunity_status} and parent_id = 1278954359147966465 and tenant_id = #{tenantId}
    </select>


</mapper>
