<?xml version="1.0" encoding="UTF-8"?>
<!DOCTYPE mapper PUBLIC "-//mybatis.org//DTD Mapper 3.0//EN" "http://mybatis.org/dtd/mybatis-3-mapper.dtd">
<mapper namespace="org.springblade.modules.contacts.mapper.ContactsMapper">

    <!-- 联系人通用查询映射结果 -->
    <resultMap id="contactsResultMap" type="org.springblade.modules.contacts.entity.Contacts">
        <result column="id" property="id"/>
        <result column="create_user" property="createUser"/>
        <result column="create_dept" property="createDept"/>
        <result column="create_time" property="createTime"/>
        <result column="update_user" property="updateUser"/>
        <result column="update_time" property="updateTime"/>
        <result column="status" property="status"/>
        <result column="is_deleted" property="isDeleted"/>
        <result column="sd_contacts_name" property="sdContactsName"/>
        <result column="sd_contacts_email" property="sdContactsEmail"/>
        <result column="sd_contacts_iphone" property="sdContactsIphone"/>
        <result column="sd_contacts_organization" property="sdContactsOrganization"/>
        <result column="sd_contacts_post" property="sdContactsPost"/>
        <result column="sd_contacts_label" property="sdContactsLabel"/>
        <result column="sd_contacts_sex" property="sdContactsSex"/>
        <result column="sd_contacts_birth_time" property="sdContactsBirthTime"/>
        <result column="sd_contacts_share_user" property="sdContactsShareUser"/>
    </resultMap>


    <!-- 备注通用查询映射结果 -->
    <resultMap id="remarksResultMap" type="org.springblade.modules.remarks.entity.Remarks">
        <result column="id" property="id"/>
        <result column="create_user" property="createUser"/>
        <result column="create_dept" property="createDept"/>
        <result column="update_user" property="updateUser"/>
        <result column="update_time" property="updateTime"/>
        <result column="status" property="status"/>
        <result column="is_deleted" property="isDeleted"/>
        <result column="sd_contacts_id" property="sdContactsId"/>
        <result column="sd_remarks" property="sdRemarks"/>
    </resultMap>

    <!-- 附件通用查询映射结果 -->
    <resultMap id="enclosureResultMap" type="org.springblade.modules.enclosure.entity.Enclosure">
        <result column="id" property="id"/>
        <result column="create_user" property="createUser"/>
        <result column="create_dept" property="createDept"/>
        <result column="update_user" property="updateUser"/>
        <result column="update_time" property="updateTime"/>
        <result column="status" property="status"/>
        <result column="is_deleted" property="isDeleted"/>
        <result column="sd_business_id" property="sdBusinessId"/>
        <result column="sd_enclosure_name" property="sdEnclosureName"/>
        <result column="sd_enclosure_remarks" property="sdEnclosureRemarks"/>
        <result column="sd_enclosure_url" property="sdEnclosureUrl"/>
        <result column="sd_enclosure_type" property="sdEnclosureType"/>
    </resultMap>



    <!-- 联系人详情列表查询映射结果 -->
    <resultMap id="contactsDetailResultMap" type="org.springblade.modules.contacts.dto.ContactsDTO">
        <result column="id" property="id"/>
        <result column="create_user" property="createUser"/>
        <result column="create_dept" property="createDept"/>
        <result column="create_time" property="createTime"/>
        <result column="update_user" property="updateUser"/>
        <result column="update_time" property="updateTime"/>
        <result column="status" property="status"/>
        <result column="is_deleted" property="isDeleted"/>
        <result column="sd_contacts_email" property="sdContactsEmail"/>
        <result column="sd_contacts_organization" property="sdContactsOrganization"/>
        <result column="sd_contacts_post" property="sdContactsPost"/>
        <result column="sd_contacts_name" property="sdContactsName"/>
        <result column="sd_contacts_iphone" property="sdContactsIphone"/>
        <result column="sd_contacts_label" property="sdContactsLabel"/>
        <result column="sd_contacts_sex" property="sdContactsSex"/>
        <result column="sd_contacts_birth_time" property="sdContactsBirthTime"/>
        <result column="sd_contacts_share_user" property="sdContactsShareUser"/>
<!--        <collection column="id" property="remarksList" javaType="java.util.ArrayList"-->
<!--                    ofType="org.springblade.modules.remarks.vo.RemarksVO" select="getRemarksList"/>-->
<!--        <collection column="id" property="enclosureList" javaType="java.util.ArrayList"-->
<!--                    ofType="org.springblade.modules.enclosure.vo.EnclosureVO" select="getEnclosureList"/>-->
    </resultMap>





    <select id="selectContactsPage" resultMap="contactsResultMap">
        select * from sd_contacts where is_deleted = 0
    </select>

    <select id="getRemarksList" resultMap="remarksResultMap">
        select * from sd_remarks where is_deleted = 0 and sd_contacts_id = #{id}
    </select>

    <select id="getEnclosureList" resultMap="enclosureResultMap">
        select * from sd_enclosure where is_deleted = 0 and sd_business_id = #{id}
    </select>

    <select id="getContactsDtoDetail" resultMap="contactsDetailResultMap">
        select * from sd_contacts where is_deleted = 0 and id = #{id}
    </select>




    <select id="getSdContactsOrganization" resultType="java.lang.String">
      select full_name from blade_dept where id = #{sd_contacts_organization}
    </select>

    <select id="getSdContactsLabel" resultType="java.util.Map">
        select id,sd_label_name from sd_labels where id = #{sd_contacts_label}
    </select>
<!--g根据联系人分组id查询群组表-->
    <select id="getSdContactsGroup" resultType="java.util.Map">
        select id,full_name from blade_dept where id = #{sd_contacts_group}
    </select>

<!--联系人查询-->
    <select id="contactsList" resultMap="PhonecontactsDetailResultMap" >
        select *  from sd_contacts where is_deleted = 0
        <if test="isHighSeas == 0 ">
        and sd_contacts_is_high_seas = 0
        and (create_user = #{userId} or FIND_IN_SET(#{userId},sd_contacts_share_user))
        </if>
        <if test="isHighSeas == 1 ">
            and sd_contacts_is_high_seas = 1
        </if>
        <if test="highseasId !=null and highseasId !=''">
            and sd_contacts_high_seas = #{highseasId}
        </if>

        <if test="labelId != null and labelId != '' ">
         and sd_contacts_label = #{labelId}
        </if>
        <if test="deptId != null and deptId != ''">
            and sd_contacts_organization = #{deptId}
        </if>
        <if test="groupId != null and groupId != ''">
            and sd_contacts_group = #{groupId}
        </if>
        ORDER BY create_time desc;
    </select>

    <resultMap id="PhonecontactsDetailResultMap" type="org.springblade.modules.contacts.vo.ContactsListVO">
        <result column="id" property="id"/>
        <result column="sd_contacts_post" property="sdContactsPost"/>
        <result column="sd_contacts_name" property="sdContactsName"/>
        <result column="sd_avatar" property="sdAvatar"/>
        <collection column="sd_contacts_label" property="sdLabelNameList" ofType="java.util.Map" javaType="java.util.List"
                    select="getSdContactsLabel"/>
        <collection column="sd_contacts_organization" property="sdFullName" ofType="java.lang.String" javaType="java.util.List"
                    select="getSdContactsOrganization"/>
        <collection column="sd_contacts_group" property="sdContactsGroup" ofType="java.util.Map" javaType="java.util.List"
                    select="getSdContactsGroup"/>
    </resultMap>


<!--公海列表-->
    <select id="contactsHighseasList" resultMap="contactsHighseasList" >
        select *  from sd_contacts where is_deleted = 0
        and sd_contacts_is_high_seas = 1
    <if test="highseasId != null and highseasId != ''">
        and sd_contacts_high_seas = #{highseasId}
    </if>
    <if test="deptId != null and deptId != ''">
        and sd_contacts_organization = #{deptId}
    </if>
        ORDER BY create_time desc;
    </select>

    <resultMap id="contactsHighseasList" type="org.springblade.modules.contacts.vo.ContactsListVO">
        <result column="id" property="id"></result>
        <result column="sd_contacts_name" property="sdContactsName"/>
        <result column="sd_contacts_post" property="sdContactsPost"/>
        <collection column="sd_contacts_label" property="sdLabelNameList" ofType="java.util.Map" javaType="java.util.List"
                    select="getSdContactsLabel"/>
        <collection column="sd_contacts_group" property="sdContactsGroup" ofType="java.util.Map" javaType="java.util.List"
                    select="getSdContactsGroup"/>
        <collection column="sd_contacts_organization" property="sdFullName" ofType="java.lang.String" javaType="java.util.List"
                    select="getSdContactsOrganization"/>
    </resultMap>

<!--    代办接口-->
    <select id="customerNotFollowedUpFor7DaysAndsevenDayBirthday" resultMap="customerNotFollowedUpFor7">
        select * from sd_contacts where is_deleted = 0
    </select>

    <resultMap id="customerNotFollowedUpFor7" type="org.springblade.modules.contacts.vo.ContactsRemindListVo">
        <collection column="update_time" property="customerNotFollowedUpFor7Days" javaType="java.lang.String" ofType="java.lang.String"
            select="customerNotFollowedUpFor7Days"/>
        <collection column="sd_contacts_birth_time" property="sevenDayBirthday" javaType="java.lang.String" ofType="java.lang.String"
                    select="sevenDayBirthday"/>
    </resultMap>

    <select id="customerNotFollowedUpFor7Days" resultType="java.lang.String">
        SELECT count(*) FROM sd_contacts WHERE DATE_ADD(update_time,INTERVAL 7 DAY) &lt; NOW()
    </select>


    <select id="sevenDayBirthday" resultType="java.lang.String">
        SELECT count(*) from sd_contacts where
        month(NOW()) = month(sd_contacts_birth_time)
         and
         DAY(sd_contacts_birth_time)  - 7 =  DAY( NOW())
    </select>


<!--  联系商机列表  -->
    <select id="businessOpportunityList" resultMap="businessOpportunityList">
        select * from sd_business_opportunity where sd_business_opportunity_contacts = #{contactsId} ORDER BY create_time desc;
    </select>

    <select id="getBusinessOpportunityDept" resultType="java.lang.String">
        select full_name from blade_dept where id = #{sd_business_opportunity_dept}
    </select>

    <resultMap id="businessOpportunityList" type="org.springblade.modules.businessopportunity.entity.BusinessOpportunity">
        <id column="id" property="id"/>
        <result column="sd_business_opportunity_name"  property="sdBusinessOpportunityName" />
        <result column="sd_business_opportunity_sale_money" property="sdBusinessOpportunitySaleMoney"/>
        <result column="sd_business_opportunity_status" property="sdBusinessOpportunityStatus"/>
        <result column="sd_business_opportunity_note" property="sdBusinessOpportunityNote"/>
        <result column="sd_business_opportunity_contacts" property="sdBusinessOpportunityContacts"/>
        <result column="create_user" property="createUser"/>
        <result column="create_dept" property="createDept"/>
        <result column="create_time" property="createTime"/>
        <result column="update_user" property="updateUser"/>
        <result column="update_time" property="updateTime"/>
        <result column="status" property="status"/>
        <result column="is_deleted" property="isDeleted"/>
        <collection column="sd_business_opportunity_dept" property="sdBusinessOpportunityDept" select="getBusinessOpportunityDept"
                    ofType="java.lang.String" javaType="java.lang.String"  />
    </resultMap>

    <select id="selectDeptContactsDetail" resultMap="selectDeptContactsDetail">
                select *  from sd_contacts where is_deleted = 0
                <if test=" deptId != null and deptId != ''">
                    and sd_contacts_organization = #{deptId}
                </if>
    </select>

    <select id="getDeptContacts" resultType="java.lang.String">
        select post_name from blade_post where id = #{sd_contacts_post}
    </select>
    <resultMap id="selectDeptContactsDetail" type="org.springblade.modules.contacts.entity.Contacts">
        <id column="id" property="id"/>
        <result column="sd_contacts_name" property="sdContactsName"/>
        <result column="sd_contacts_iphone" property="sdContactsIphone"/>
        <collection column="sd_contacts_post" property="sdContactsPost" select="getDeptContacts"
                    ofType="java.lang.String" javaType="java.lang.String"  />
    </resultMap>


<!--根据联系人查询笔记-->
    <select id="contactsNoteList" resultType="java.util.List" resultMap="contactsNoteList">
        select * from sd_note where is_deleted = 0
        <if test="createUser != null and createUser != ''">
            and create_user = #{createUser}
        </if>
        <if test="contactsId != null and contactsId != ''">
            and sd_note_by_contacts = #{contactsId}
        </if>
        ORDER BY create_time desc;
    </select>

    <select id="getContactsName" resultType="java.lang.String">
        select sd_contacts_name from sd_contacts where id = #{sd_note_by_contacts}
    </select>

    <select id="getNoteContactsDept" resultType="java.lang.String">
        select full_name from blade_dept where is_deleted = 0
        and id = (select sd_contacts_organization from sd_contacts where id = #{sd_note_by_contacts})
    </select>

    <resultMap id="contactsNoteList" type="org.springblade.modules.note.entity.Note">
        <result column="id" property="id"/>
        <result column="create_user" property="createUser"/>
        <result column="create_dept" property="createDept"/>
        <result column="create_time" property="createTime"/>
        <result column="update_user" property="updateUser"/>
        <result column="update_time" property="updateTime"/>
        <result column="status" property="status"/>
        <result column="is_deleted" property="isDeleted"/>
        <result column="sd_note_details" property="sdNoteDetails"/>
        <collection column="sd_note_by_contacts" property="sdNoteByContacts"  ofType="java.lang.String" javaType="java.lang.String"
                    select="getContactsName"/>
        <collection column="sd_note_by_contacts" property="contactsDept" select="getNoteContactsDept"
                    ofType="java.lang.String" javaType="java.lang.String"  />
    </resultMap>
    <!--根据联系人查询笔记-->

<select id="getContactsShareUser" resultType="org.springblade.modules.system.entity.User">
        select * from blade_user where id =  #{sd_contacts_share_user}
</select>

    <select id="getContactsRemarks"  resultType="java.lang.String" parameterType="java.lang.String">
        select sd_remarks from sd_remarks where is_deleted = 0 and sd_contacts_id = #{id}
    </select>

    <select id="getContactsUser" resultType="org.springblade.modules.system.entity.User">
        select * from blade_user where id = #{create_user}
    </select>

    <select id="contactsDetail" resultMap="contactsDetailResult">
        select *  from sd_contacts where is_deleted = 0
        and sd_contacts_is_high_seas = 0
        and id = #{contactsId}
    </select>

    <resultMap id="contactsDetailResult" type="org.springblade.modules.contacts.vo.ContactsDetailVo">
        <result column="id" property="id"/>
        <result column="sd_contacts_name" property="sdContactsName"/>
        <result column="sd_contacts_iphone" property="sdContactsIphone"/>
        <result column="sd_contacts_email" property="sdContactsEmail"/>
        <result column="sd_contacts_is_high_seas" property="ishighseas"/>
        <result column="sd_contacts_post" property="sdContactsPost"/>
        <result column="sd_avatar" property="sdAvatar"/>
        <collection column="create_user" property="sdContactsUser" ofType="org.springblade.modules.system.entity.User" javaType="org.springblade.modules.system.entity.User"
                    select="getContactsUser"/>
        <collection column="sd_contacts_label" property="sdLabelNameList" ofType="java.util.Map" javaType="java.util.List"
                    select="getSdContactsLabel"/>
        <collection column="sd_contacts_group" property="sdGroupNameList" ofType="java.util.Map" javaType="java.util.List"
                    select="getSdContactsGroup"/>
        <collection column="sd_contacts_share_user" property="sdContactsShareUser" ofType="org.springblade.modules.system.entity.User" javaType="java.util.List"
                    select="getContactsShareUser"/>
        <collection column="sd_contacts_organization" property="sdContactsDept" ofType="java.util.Map" javaType="java.util.Map"
                    select="getContactsDept"/>
        <collection column="id" property="remarks"  ofType="java.lang.String" javaType="java.lang.String"
                    select="getContactsRemarks"/>
    </resultMap>



    <select id="getContactsDept" resultType="java.util.Map" >
    select id,full_name from blade_dept where id = #{sd_contacts_organization}
    </select>

<!--    联系人公海详情-->
    <select id="highseasContactsDetail" resultMap="highseasContactsDetail">
        select *  from sd_contacts where is_deleted = 0
        and sd_contacts_is_high_seas = 1
        and id = #{contactsId}
    </select>



    <resultMap id="highseasContactsDetail" type="org.springblade.modules.contacts.vo.ContactsDetailVo">
        <result column="id" property="id"/>
        <result column="sd_contacts_iphone" property="sdContactsIphone"/>
        <result column="sd_contacts_email" property="sdContactsEmail"/>
        <result column="sd_contacts_name" property="sdContactsName"/>
        <result column="sd_contacts_is_high_seas" property="ishighseas"/>
        <result column="sd_contacts_post" property="sdContactsPost"/>
        <result column="sd_contacts_sex" property="sdContactsSex"/>
        <result column="sd_avatar" property="sdAvatar"/>
        <collection column="sd_contacts_label" property="sdLabelNameList" ofType="java.util.Map" javaType="java.util.List"
                    select="getSdContactsLabel"/>
        <collection column="sd_contacts_group" property="sdGroupNameList" ofType="java.util.Map" javaType="java.util.List"
                    select="getSdContactsGroup"/>
        <collection column="sd_contacts_organization" property="sdContactsDept" ofType="java.util.Map" javaType="java.util.Map"
                    select="getContactsDept"/>
    </resultMap>


<!--    新建联系人自定义表单查询-->
    <select id="customerList" resultMap="customerList">
       select id,sd_customer_form_id,create_time,sd_customer_form_data from sd_customer_form_data where
       sd_customer_form_data  like   CONCAT('%',(select  sd_contacts_iphone from sd_contacts where id = #{contactsId}),'%')
    </select>

    <resultMap id="customerList" type="org.springblade.modules.contacts.vo.ContactsNewCustomer">
        <result column="id" property="id"/>
        <result column="sd_customer_form_id" property="sdCustomerFormId"/>
        <result column="create_time" property="createTime"/>
        <result column="sd_customer_form_data" property="sdCustomerFormData"/>
        <collection column="sd_customer_form_id" property="customerFormName" select="getUserContract" javaType="java.lang.String"
                    ofType="java.lang.String"/>
    </resultMap>

    <select id="getUserContract" resultType="java.lang.String">
        select customer_form_name from sd_customer_form where id = #{sd_customer_form_id}
    </select>


    <select id="getBlackList" resultMap="contactsResultMap">
            select * from sd_contacts where is_deleted = 1 and status = 99
            <if test="contacts.sdContactsName!=null and contacts.sdContactsName!=''">
                and sd_contacts_name  LIKE '%#{contacts.sdContactsName}%'
            </if>
            <if test="contacts.sdContactsIphone!=null and contacts.sdContactsIphone!=''">
                and sd_contacts_iphone  LIKE '%#{contacts.sdContactsIphone}%'
            </if>
    </select>

    <update id="addBlackList" parameterType="java.lang.String">
        update sd_contacts
        SET is_deleted = 1 ,status = 99
        where id = #{id}
    </update>

    <update id="removeBlackList" parameterType="java.lang.String">
        update sd_contacts
        SET is_deleted = 0 ,status = 1
        where id = #{id}
    </update>
</mapper>
