<?xml version="1.0" encoding="UTF-8"?>
<!DOCTYPE mapper PUBLIC "-//mybatis.org//DTD Mapper 3.0//EN" "http://mybatis.org/dtd/mybatis-3-mapper.dtd">
<mapper namespace="org.springblade.modules.highseas.mapper.HighSeasMapper">

    <!-- 通用查询映射结果 -->
    <resultMap id="highSeasResultMap" type="org.springblade.modules.highseas.entity.HighSeas">
        <result column="id" property="id"/>
        <result column="create_user" property="createUser"/>
        <result column="create_dept" property="createDept"/>
        <result column="create_time" property="createTime"/>
        <result column="update_user" property="updateUser"/>
        <result column="update_time" property="updateTime"/>
        <result column="status" property="status"/>
        <result column="is_deleted" property="isDeleted"/>
        <result column="sd_high_seas_name" property="sdHighSeasName"/>
        <result column="sd_ high_seas_by_admin" property="sdHighSeasByAdmin"/>
        <result column="sd_ high_seas_num" property="sdHighSeasNum"/>
        <result column="sd_ high_seas_remarks" property="sdHighSeasRemarks"/>
    </resultMap>


    <select id="selectHighSeasPage" resultMap="highSeasResultMap">
        select * from sd_high_seas where is_deleted = 0
    </select>


</mapper>
