<?xml version="1.0" encoding="UTF-8"?>
<!DOCTYPE mapper PUBLIC "-//mybatis.org//DTD Mapper 3.0//EN" "http://mybatis.org/dtd/mybatis-3-mapper.dtd">
<mapper namespace="org.springblade.modules.ranking.mapper.RankingListMapper">

    <!-- 通用查询映射结果 -->
    <resultMap id="rankingListResultMap" type="org.springblade.modules.ranking.entity.RankingList">
        <result column="id" property="id"/>
        <result column="create_user" property="createUser"/>
        <result column="create_dept" property="createDept"/>
        <result column="create_time" property="createTime"/>
        <result column="update_user" property="updateUser"/>
        <result column="update_time" property="updateTime"/>
        <result column="status" property="status"/>
        <result column="is_deleted" property="isDeleted"/>
        <result column="default_name" property="defaultName"/>
        <result column="update_loding" property="updateLoding"/>
        <result column="update_name" property="updateName"/>
    </resultMap>


    <select id="selectRankingListPage" resultMap="rankingListResultMap">
        select * from sd_ranking_list where is_deleted = 0
    </select>

</mapper>
