<?xml version="1.0" encoding="UTF-8"?>
<!DOCTYPE mapper PUBLIC "-//mybatis.org//DTD Mapper 3.0//EN" "http://mybatis.org/dtd/mybatis-3-mapper.dtd">
<mapper namespace="org.springblade.modules.note.mapper.NoteMapper">

    <!-- 通用查询映射结果 -->
    <resultMap id="noteResultMap" type="org.springblade.modules.note.entity.Note">
        <result column="id" property="id"/>
        <result column="create_user" property="createUser"/>
        <result column="create_dept" property="createDept"/>
        <result column="create_time" property="createTime"/>
        <result column="update_user" property="updateUser"/>
        <result column="update_time" property="updateTime"/>
        <result column="status" property="status"/>
        <result column="is_deleted" property="isDeleted"/>
        <result column="sd_note_name" property="sdNoteName"/>
        <result column="sd_note_details" property="sdNoteDetails"/>
        <result column="sd_note_by_contacts" property="sdNoteByContacts"/>
    </resultMap>


    <select id="selectNotePage" resultMap="noteResultMap">
        select * from sd_note where is_deleted = 0
    </select>

</mapper>
