<?xml version="1.0" encoding="UTF-8"?>
<!DOCTYPE mapper PUBLIC "-//mybatis.org//DTD Mapper 3.0//EN" "http://mybatis.org/dtd/mybatis-3-mapper.dtd">
<mapper namespace="org.springblade.modules.customerdata.mapper.CustomerFormDataMapper">

    <!-- 通用查询映射结果 -->
    <resultMap id="customerFormDataResultMap" type="org.springblade.modules.customerdata.entity.CustomerFormData">
        <result column="id" property="id"/>
        <result column="create_user" property="createUser"/>
        <result column="create_dept" property="createDept"/>
        <result column="create_time" property="createTime"/>
        <result column="update_user" property="updateUser"/>
        <result column="update_time" property="updateTime"/>
        <result column="status" property="status"/>
        <result column="is_deleted" property="isDeleted"/>
        <result column="sd_customer_form_id" property="sdCustomerFormId"/>
        <result column="sd_customer_form_data" property="sdCustomerFormData"/>
    </resultMap>


    <select id="selectCustomerFormDataPage" resultMap="customerFormDataResultMap">
        select * from sd_customer_form_data where is_deleted = 0
    </select>
</mapper>
