<?xml version="1.0" encoding="UTF-8"?>
<!DOCTYPE mapper PUBLIC "-//mybatis.org//DTD Mapper 3.0//EN" "http://mybatis.org/dtd/mybatis-3-mapper.dtd">
<mapper namespace="org.springblade.modules.remarks.mapper.RemarksMapper">

    <!-- 通用查询映射结果 -->
    <resultMap id="remarksResultMap" type="org.springblade.modules.remarks.entity.Remarks">
        <result column="id" property="id"/>
        <result column="create_user" property="createUser"/>
        <result column="create_dept" property="createDept"/>
        <result column="update_user" property="updateUser"/>
        <result column="update_time" property="updateTime"/>
        <result column="status" property="status"/>
        <result column="is_deleted" property="isDeleted"/>
        <result column="sd_contacts_id" property="sdContactsId"/>
        <result column="sd_remarks" property="sdRemarks"/>
    </resultMap>


    <select id="selectRemarksPage" resultMap="remarksResultMap">
        select * from sd_remarks where is_deleted = 0
    </select>

</mapper>
