<?xml version="1.0" encoding="UTF-8"?>
<!DOCTYPE mapper PUBLIC "-//mybatis.org//DTD Mapper 3.0//EN" "http://mybatis.org/dtd/mybatis-3-mapper.dtd">
<mapper namespace="org.springblade.modules.message.mapper.MessageMapper">

    <!-- 通用查询映射结果 -->
    <resultMap id="messageResultMap" type="org.springblade.modules.message.entity.Message">
        <result column="id" property="id"/>
        <result column="create_user" property="createUser"/>
        <result column="create_dept" property="createDept"/>
        <result column="create_time" property="createTime"/>
        <result column="update_user" property="updateUser"/>
        <result column="update_time" property="updateTime"/>
        <result column="status" property="status"/>
        <result column="is_deleted" property="isDeleted"/>
        <result column="sd_operation_text" property="sdOperationText"/>
        <result column="sd_user_id" property="sdUserId"/>
        <result column="sd_is_read" property="sdIsRead"/>
    </resultMap>


    <select id="selectMessagePage" resultMap="messageResultMap">
        select * from sd_message where is_deleted = 0
    </select>

</mapper>
