<?xml version="1.0" encoding="UTF-8"?>
<!DOCTYPE mapper PUBLIC "-//mybatis.org//DTD Mapper 3.0//EN" "http://mybatis.org/dtd/mybatis-3-mapper.dtd">
<mapper namespace="org.springblade.modules.sale_rule.mapper.SaleRuleMapper">

    <!-- 通用查询映射结果 -->
    <resultMap id="saleRuleResultMap" type="org.springblade.modules.sale_rule.entity.SaleRule">
        <result column="id" property="id"/>
        <result column="create_user" property="createUser"/>
        <result column="create_dept" property="createDept"/>
        <result column="create_time" property="createTime"/>
        <result column="update_user" property="updateUser"/>
        <result column="update_time" property="updateTime"/>
        <result column="status" property="status"/>
        <result column="is_deleted" property="isDeleted"/>
        <result column="sd_basics_rule_num" property="sdBasicsRuleNum"/>
        <result column="sd_basics_rule_type" property="sdBasicsRuleType"/>
        <result column="sd_basics_rule_remarks" property="sdBasicsRuleRemarks"/>
    </resultMap>


    <select id="selectSaleRulePage" resultMap="saleRuleResultMap">
        select * from sd_sale_rule where is_deleted = 0
    </select>

</mapper>
