<?xml version="1.0" encoding="UTF-8"?>
<!DOCTYPE mapper PUBLIC "-//mybatis.org//DTD Mapper 3.0//EN" "http://mybatis.org/dtd/mybatis-3-mapper.dtd">
<mapper namespace="org.springblade.modules.approval.mapper.ApprovalMapper">

    <!-- 通用查询映射结果 -->
    <resultMap id="approvalResultMap" type="org.springblade.modules.approval.entity.Approval">
        <result column="id" property="id"/>
        <result column="create_user" property="createUser"/>
        <result column="create_dept" property="createDept"/>
        <result column="create_time" property="createTime"/>
        <result column="update_user" property="updateUser"/>
        <result column="update_time" property="updateTime"/>
        <result column="status" property="status"/>
        <result column="is_deleted" property="isDeleted"/>
        <result column="sd_approval_group_id" property="sdApprovalGroupId"/>
        <result column="sd_approval_name" property="sdApprovalName"/>
        <result column="sd_approval_user" property="sdApprovalUser"/>
        <result column="sd_parent_cc" property="sdParentCc"/>
        <result column="sd_approval_index" property="sdApprovalIndex"/>
    </resultMap>


    <select id="selectApprovalPage" resultMap="approvalResultMap">
        select * from sd_approval where is_deleted = 0
    </select>

</mapper>
