<?xml version="1.0" encoding="UTF-8"?>
<!DOCTYPE mapper PUBLIC "-//mybatis.org//DTD Mapper 3.0//EN" "http://mybatis.org/dtd/mybatis-3-mapper.dtd">
<mapper namespace="org.springblade.modules.contract.mapper.ContractMapper">

    <!-- 通用查询映射结果 -->
    <resultMap id="contractResultMap" type="org.springblade.modules.contract.entity.Contract">
        <result column="id" property="id"/>
        <result column="create_user" property="createUser"/>
        <result column="create_dept" property="createDept"/>
        <result column="create_time" property="createTime"/>
        <result column="update_user" property="updateUser"/>
        <result column="update_time" property="updateTime"/>
        <result column="status" property="status"/>
        <result column="is_deleted" property="isDeleted"/>
        <result column="sd_contract_name" property="sdContractName"/>
        <result column="sd_contract_remarks" property="sdContractRemarks"/>
        <result column="sd_contract_money" property="sdContractMoney"/>
        <result column="sd_contract_business_opportunity_id" property="sdContractBusinessOpportunityId"/>
        <result column="sd_contract_type" property="sdContractType"/>
        <result column="sd_contract_start_time" property="sdContractStartTime"/>
        <result column="sd_contract_end_time" property="sdContractEndTime"/>
        <result column="sd_contract_code" property="sdContractCode"/>
        <result column="sd_contract_sign_time" property="sdContractSignTime"/>
        <result column="sd_contract_you_signed_by" property="sdContractYouSignedBy"/>
        <result column="sd_contract_my_sigend_by" property="sdContractMySigendBy"/>
        <result column="sd_contract_expect_return_money" property="sdContractExpectReturnMoney"/>
        <result column="sd_contract_expect_return_money_time" property="sdContractExpectReturnMoneyTime"/>
        <result column="sd_contract_by_user" property="sdContractByUser"/>
    </resultMap>


    <select id="selectContractPage" resultMap="contractResultMap">
        select * from sd_contract where is_deleted = 0
    </select>




</mapper>
