<?xml version="1.0" encoding="UTF-8"?>
<!DOCTYPE mapper PUBLIC "-//mybatis.org//DTD Mapper 3.0//EN" "http://mybatis.org/dtd/mybatis-3-mapper.dtd">
<mapper namespace="org.springblade.modules.customapprovalmenu.mapper.CustomApprovalMenuMapper">

    <!-- 通用查询映射结果 -->
    <resultMap id="customApprovalMenuResultMap" type="org.springblade.modules.customapprovalmenu.entity.CustomApprovalMenu">
        <result column="id" property="id"/>
        <result column="create_user" property="createUser"/>
        <result column="create_dept" property="createDept"/>
        <result column="create_time" property="createTime"/>
        <result column="update_user" property="updateUser"/>
        <result column="update_time" property="updateTime"/>
        <result column="status" property="status"/>
        <result column="is_deleted" property="isDeleted"/>
        <result column="sd_custom_approval_menu_ico" property="sdCustomApprovalMenuIco"/>
        <result column="sd_custom_approval_menu_url" property="sdCustomApprovalMenuUrl"/>
        <result column="sd_custom_approval_menu_name" property="sdCustomApprovalMenuName"/>
    </resultMap>


    <select id="selectCustomApprovalMenuPage" resultMap="customApprovalMenuResultMap">
        select * from sd_custom_approval_menu where is_deleted = 0
    </select>






    <select id="saveList" resultMap="saveList">
        select * from sd_custom_approval_menu AS m where is_deleted = 0 and id = #{menuId} and m.sd_custom_approval_menu_group  in (select id from sd_approval_group )
    </select>

    <resultMap id="saveList" type="org.springblade.modules.customapprovalmenu.dto.CustomApprovalMenuList">
        <result column="id" property="id"/>
        <result column="sd_custom_approval_menu_group" property="groupId"/>
        <collection column="sd_custom_approval_menu_group" property="approvalUserListDTOS" select="getApproval" javaType="java.util.List" ofType="org.springblade.modules.approval.dto.ApprovalUserListDTO"/>
    </resultMap>

    <select id="getApproval" resultMap="getapprovalList">
        select * from sd_approval where is_deleted = 0 and FIND_IN_SET(sd_approval_group_id,#{sd_custom_approval_menu_group}) group by  id order by sd_approval_index
    </select>

    <select id="getApprovalUser" resultType="org.springblade.modules.system.entity.User">
        select * from blade_user where is_deleted = 0 and FIND_IN_SET(id,#{sd_approval_user})
    </select>

    <resultMap id="getapprovalList" type="org.springblade.modules.approval.dto.ApprovalUserListDTO">
        <result column="id" property="id"/>
        <result column="sd_approval_index" property="sdApprovalIndex"/>
        <result column="status" property="status"/>
        <result column="create_time" property="createTime"/>
        <result column="update_time" property="updateTime"/>
        <collection column="sd_approval_user" property="userList" ofType="org.springblade.modules.system.entity.User" javaType="java.util.List"
                select="getApprovalUser"/>
    </resultMap>

    <select id="approvalList" resultMap="approvalList">
        select srm.* from
    sd_custom_approval_menu scam,
    sd_return_money srm,
    sd_approval sa,
    sd_approval_group sag where
    scam.sd_custom_approval_menu_group = sag.id and
    sa.sd_approval_group_id = sag.id and
    srm.sd_return_money_menu_id = scam.id and
    FIND_IN_SET(#{userId},sa.sd_approval_user)and
    srm.sd_return_money_approval_conduct = sa.id
    <if test="status == 1 or status == 0">
        and
       ( srm.status = 1 or srm.status = 0)
    </if>
    <if test="status != 1 and status != 0">
        and
        srm.status = #{status}
    </if>
    </select>

    <select id="getReturnContacts" resultType="java.lang.String">
        select sd_contacts_name from sd_contacts where id = #{sd_return_money_contacts_id}
    </select>

    <select id="getReturnDept" resultType="java.util.Map">
        select id,full_name from blade_dept where id = #{sd_return_money_dept_id}
    </select>

    <select id="getApprovaCreateUser" resultType="java.lang.String" >
        select real_name from blade_user where id = #{create_user}
    </select>



    <resultMap id="approvalList" type="org.springblade.modules.customapprovalmenu.dto.CustomApprovalReturnList">
        <result column="id" property="id"/>
        <result column="sd_return_money" property="sdReturnMoney"/>
        <result column="sd_return_money_time" property="sdReturnMoneyTime"/>
        <result column="sd_return_money_type" property="sdReturnMoneyType"/>
        <result column="sd_return_money_remarks" property="sdReturnMoneyRemarks"/>
        <result column="sd_return_money_custom_id" property="sdReturnMoneyCustomId"/>
        <result column="sd_return_money_approval_conduct" property="sdReturnMoneyApprovalConduct"/>
        <result column="sd_return_money_menu_id" property="sdReturnMoneyMenuId"/>
        <result column="sd_return_money_approval_index" property="sdReturnMoneyApprovalIndex"/>
        <result column="status" property="status"/>
        <result column="create_time" property="createTime"/>
        <result column="update_time" property="updateTime"/>
        <collection column="create_user" property="createUser" select="getApprovaCreateUser" javaType="java.lang.String" ofType="java.lang.String"/>
        <collection column="sd_return_money_dept_id" property="sdReturnMoneyDeptId" select="getReturnDept" ofType="java.util.Map" javaType="java.util.Map"/>
        <collection column="sd_return_money_contacts_id" property="sdReturnMoneyContactsId" select="getReturnContacts" ofType="java.lang.String" javaType="java.lang.String"/>
    </resultMap>



<!--    回款审批详情-->
    <select id="approvalDetail" resultMap="approvalDetail">
        select srm.* from
        sd_custom_approval_menu scam,
        sd_return_money srm,
        sd_approval sa,
        sd_approval_group sag where
        scam.sd_custom_approval_menu_group = sag.id and
        sa.sd_approval_group_id = sag.id and
        srm.sd_return_money_menu_id = scam.id and
        FIND_IN_SET(#{userId},sa.sd_approval_user)and
        srm.sd_return_money_approval_conduct = sa.id
        <if test="id != null and id != ''">
            and srm.id = #{id}
        </if>
    </select>

    <select id="getApprovalUserDtail" resultType="org.springblade.modules.system.entity.User">
        select * from blade_user where id = #{create_user}
    </select>

    <select id="approvalDetailUser" resultMap="saveList">
        select * from sd_custom_approval_menu AS m where id = #{sd_return_money_menu_id} and m.sd_custom_approval_menu_group  in (select id from sd_approval_group )
    </select>
    <select id="getMenuFormDataId" resultType="java.lang.String">
        select sd_custom_approval_menu_form_data_id from sd_custom_approval_menu  where id = #{sd_return_money_menu_id}
    </select>

    <resultMap id="approvalDetail" type="org.springblade.modules.customapprovalmenu.dto.CustomApprovalReturnList">
        <result column="id" property="id"/>
        <result column="sd_return_money" property="sdReturnMoney"/>
        <result column="sd_return_money_time" property="sdReturnMoneyTime"/>
        <result column="sd_return_money_type" property="sdReturnMoneyType"/>
        <result column="sd_return_money_remarks" property="sdReturnMoneyRemarks"/>
        <result column="sd_return_money_custom_id" property="sdReturnMoneyCustomId"/>
        <result column="sd_return_money_approval_conduct" property="sdReturnMoneyApprovalConduct"/>
        <result column="sd_return_money_menu_id" property="sdReturnMoneyMenuId"/>
        <result column="status" property="status"/>
        <result column="create_time" property="createTime"/>
        <result column="update_time" property="updateTime"/>
        <collection column="sd_return_money_menu_id" property="sdCustomApprovalMenuFormDataId" select="getMenuFormDataId" javaType="java.lang.String" ofType="java.lang.String"/>
        <collection column="create_user" property="userDetail" select="getApprovalUserDtail" javaType="org.springblade.modules.system.entity.User" ofType="org.springblade.modules.system.entity.User"/>
        <collection column="sd_return_money_dept_id" property="sdReturnMoneyDeptId" select="getReturnDept" ofType="java.util.Map" javaType="java.util.Map"/>
        <collection column="sd_return_money_contacts_id" property="sdReturnMoneyContactsId" select="getReturnContacts" ofType="java.lang.String" javaType="java.lang.String"/>
        <collection column="sd_return_money_menu_id" property="customApprovalMenuList" select="approvalDetailUser" ofType="org.springblade.modules.customapprovalmenu.dto.CustomApprovalMenuList"
                javaType="org.springblade.modules.customapprovalmenu.dto.CustomApprovalMenuList"/>
    </resultMap>



</mapper>
