<?xml version="1.0" encoding="UTF-8"?>
<!DOCTYPE mapper PUBLIC "-//mybatis.org//DTD Mapper 3.0//EN" "http://mybatis.org/dtd/mybatis-3-mapper.dtd">
<mapper namespace="org.springblade.modules.system.mapper.DictBizMapper">

    <!-- 通用查询映射结果 -->
    <resultMap id="dictResultMap" type="org.springblade.modules.system.entity.DictBiz">
        <id column="id" property="id"/>
        <result column="tenant_id" property="tenantId"/>
        <result column="parent_id" property="parentId"/>
        <result column="code" property="code"/>
        <result column="dict_key" property="dictKey"/>
        <result column="dict_value" property="dictValue"/>
        <result column="sort" property="sort"/>
        <result column="remark" property="remark"/>
        <result column="is_deleted" property="isDeleted"/>
    </resultMap>

    <resultMap id="treeNodeResultMap" type="org.springblade.core.tool.node.TreeNode">
        <id column="id" property="id"/>
        <result column="parent_id" property="parentId"/>
        <result column="title" property="title"/>
        <result column="value" property="value"/>
        <result column="key" property="key"/>
    </resultMap>

    <select id="getValue" resultType="java.lang.String">
        select
            dict_value
        from blade_dict_biz where code = #{param1} and dict_key = #{param2} and is_deleted = 0
    </select>

    <!-- oracle 版本 -->
    <!--<select id="getValue" resultType="java.lang.String">
        select
            dict_value
        from blade_dict_biz where code = #{param1, jdbcType=VARCHAR} and dict_key = #{param2} and dict_key >= 0  rownum 1
    </select>-->

    <select id="getList" resultMap="dictResultMap">
        select code, dict_key, dict_value, sort, remark from blade_dict_biz where code = #{param1} and parent_id > 0 and is_sealed = 0 and is_deleted = 0
    </select>

    <select id="tree" resultMap="treeNodeResultMap">
        select id, parent_id, dict_value as title, id as "value", id as "key" from blade_dict_biz where is_deleted = 0
    </select>

    <select id="parentTree" resultMap="treeNodeResultMap">
        select id, parent_id, dict_value as title, id as "value", id as "key" from blade_dict_biz where is_deleted = 0 and parent_id = 0
    </select>

    <!-- 开始-->
    <resultMap id="returnVisualizationDataViewOne" type="org.springblade.modules.system.vo.CustomerFormDataViewVO">
        <id column="id" property="id"/>
        <result column="tenant_id" property="tenantId"/>
        <result column="parent_id" property="parentId"/>
        <result column="code" property="code"/>
        <result column="dict_key" property="dictKey"/>
        <result column="dict_value" property="dictValue"/>
        <result column="sort" property="sort"/>
        <result column="remark" property="remark"/>
        <result column="is_deleted" property="isDeleted"/>
        <result column="dict_value" property="name"  />
        <collection column="{dict_key=dict_key,startDate=startDate,dataType=dataType,sdCustomerFormId=sdCustomerFormId}" property="data" javaType="java.util.ArrayList"
                    ofType="java.util.Map" select="getVisualizationData"/>
    </resultMap>

    <select id="getViewDataNum" resultType="java.lang.String">
        select count(*) from sd_customer_form_data
				 WHERE DATE_FORMAT(  create_time, '%Y-%c' ) = #{startDate}  and sd_customer_form_id =#{sdCustomerFormId}
    </select>

    <select id="getViewDataList" resultMap="returnVisualizationDataViewOne">
        select bdz.dict_value,bdz.dict_key,#{startDate} as startDate,#{sdCustomerFormId} as sdCustomerFormId,#{dataType} as dataType  from blade_dict_biz bdz where  bdz.code ='formSource' and parent_id != 0
        <if test="dataType != null and dataType != ''">
            and  bdz.dict_key =#{dataType};
        </if>
    </select>

    <select id="getChannelViewDataType" resultType="java.lang.String">
        select bdz.dict_value as dataType  from blade_dict_biz bdz where  bdz.code ='formSource' and parent_id != 0
    </select>

    <select id="getVisualizationData" parameterType="java.util.Map" resultType="java.lang.String">
    SELECT
    IFNULL( righttable.m, '0' ) AS num
    FROM
    (
    SELECT
    ADDDATE( y.FIRST, x.d - 1 ) AS date
    FROM
    (
    SELECT
    1 AS d UNION ALL
    SELECT
    2 UNION ALL
    SELECT
    3 UNION ALL
    SELECT
    4 UNION ALL
    SELECT
    5 UNION ALL
    SELECT
    6 UNION ALL
    SELECT
    7 UNION ALL
    SELECT
    8 UNION ALL
    SELECT
    9 UNION ALL
    SELECT
    10 UNION ALL
    SELECT
    11 UNION ALL
    SELECT
    12 UNION ALL
    SELECT
    13 UNION ALL
    SELECT
    14 UNION ALL
    SELECT
    15 UNION ALL
    SELECT
    16 UNION ALL
    SELECT
    17 UNION ALL
    SELECT
    18 UNION ALL
    SELECT
    19 UNION ALL
    SELECT
    20 UNION ALL
    SELECT
    21 UNION ALL
    SELECT
    22 UNION ALL
    SELECT
    23 UNION ALL
    SELECT
    24 UNION ALL
    SELECT
    25 UNION ALL
    SELECT
    26 UNION ALL
    SELECT
    27 UNION ALL
    SELECT
    28 UNION ALL
    SELECT
    29 UNION ALL
    SELECT
    30 UNION ALL
    SELECT
    31
    ) x,
    ( SELECT CONCAT( #{startDate}, '-01' ) AS FIRST, DAY ( LAST_DAY( str_to_date( date_format(DATE_ADD(str_to_date(CONCAT(#{startDate},'-01'), '%Y-%c-%e'),INTERVAL 1 MONTH) , '%Y-%c'), '%Y-%m' ) ) ) AS last ) y
    WHERE
    x.d &lt;= y.last
    AND ADDDATE( y.FIRST, x.d - 1 ) &lt;= CURDATE()
    ) AS lefttable
    LEFT JOIN (
    SELECT
    count( scfd.create_time) AS m,
    DATE_FORMAT( scfd.create_time, '%Y-%c-%d' ) AS gptime
    FROM
    sd_customer_form_data scfd
    WHERE
    DATE_FORMAT(  scfd.create_time, '%Y-%c' ) = #{startDate} and sd_customer_form_source = #{dict_key} and sd_customer_form_id =#{sdCustomerFormId}
    GROUP BY
    gptime) AS righttable
    ON DATE_FORMAT( lefttable.date, '%Y-%c-%d' ) = righttable.gptime
</select>

</mapper>
