<?xml version="1.0" encoding="UTF-8"?>
<!DOCTYPE mapper PUBLIC "-//mybatis.org//DTD Mapper 3.0//EN" "http://mybatis.org/dtd/mybatis-3-mapper.dtd">
<mapper namespace="org.springblade.modules.system.mapper.TopMenuMapper">

    <!-- 通用查询映射结果 -->
    <resultMap id="topMenuResultMap" type="org.springblade.modules.system.entity.TopMenu">
        <result column="id" property="id"/>
        <result column="create_user" property="createUser"/>
        <result column="create_dept" property="createDept"/>
        <result column="create_time" property="createTime"/>
        <result column="update_user" property="updateUser"/>
        <result column="update_time" property="updateTime"/>
        <result column="status" property="status"/>
        <result column="is_deleted" property="isDeleted"/>
        <result column="code" property="code"/>
        <result column="name" property="name"/>
        <result column="source" property="source"/>
        <result column="sort" property="sort"/>
    </resultMap>

</mapper>
