<?xml version="1.0" encoding="UTF-8"?>
<!DOCTYPE mapper PUBLIC "-//mybatis.org//DTD Mapper 3.0//EN" "http://mybatis.org/dtd/mybatis-3-mapper.dtd">
<mapper namespace="org.springblade.modules.labels.mapper.LabelsMapper">

    <!-- 通用查询映射结果 -->
    <resultMap id="labelsResultMap" type="org.springblade.modules.labels.entity.Labels">
        <result column="id" property="id"/>
        <result column="create_user" property="createUser"/>
        <result column="create_dept" property="createDept"/>
        <result column="create_time" property="createTime"/>
        <result column="update_user" property="updateUser"/>
        <result column="update_time" property="updateTime"/>
        <result column="status" property="status"/>
        <result column="is_deleted" property="isDeleted"/>
        <result column="sd_label_name" property="sdLabelName"/>
        <result column="sd_label_remarks" property="sdLabelRemarks"/>
        <result column="sd_lable_nums" property="sdLableNums"/>
    </resultMap>


    <select id="selectLabelsPage" resultMap="labelsResultMap">
        select * from sd_labels where is_deleted = 0
    </select>

</mapper>
