<?xml version="1.0" encoding="UTF-8"?>
<!DOCTYPE mapper PUBLIC "-//mybatis.org//DTD Mapper 3.0//EN" "http://mybatis.org/dtd/mybatis-3-mapper.dtd">
<mapper namespace="org.springblade.modules.enclosure.mapper.EnclosureMapper">

    <!-- 通用查询映射结果 -->
    <resultMap id="enclosureResultMap" type="org.springblade.modules.enclosure.entity.Enclosure">
        <result column="id" property="id"/>
        <result column="create_user" property="createUser"/>
        <result column="create_dept" property="createDept"/>
        <result column="update_user" property="updateUser"/>
        <result column="update_time" property="updateTime"/>
        <result column="status" property="status"/>
        <result column="is_deleted" property="isDeleted"/>
        <result column="sd_business_id" property="sdBusinessId"/>
        <result column="sd_enclosure_name" property="sdEnclosureName"/>
        <result column="sd_enclosure_remarks" property="sdEnclosureRemarks"/>
        <result column="sd_enclosure_url" property="sdEnclosureUrl"/>
        <result column="sd_enclosure_type" property="sdEnclosureType"/>
    </resultMap>


    <select id="selectEnclosurePage" resultMap="enclosureResultMap">
        select * from sd_enclosure where is_deleted = 0
    </select>

</mapper>
