<?xml version="1.0" encoding="UTF-8"?>
<!DOCTYPE mapper PUBLIC "-//mybatis.org//DTD Mapper 3.0//EN" "http://mybatis.org/dtd/mybatis-3-mapper.dtd">
<mapper namespace="org.springblade.modules.sdapprovalgroup.mapper.ApprovalGroupMapper">

    <!-- 通用查询映射结果 -->
    <resultMap id="approvalGroupResultMap" type="org.springblade.modules.sdapprovalgroup.entity.ApprovalGroup">
        <result column="id" property="id"/>
        <result column="create_user" property="createUser"/>
        <result column="create_dept" property="createDept"/>
        <result column="create_time" property="createTime"/>
        <result column="update_user" property="updateUser"/>
        <result column="update_time" property="updateTime"/>
        <result column="status" property="status"/>
        <result column="is_deleted" property="isDeleted"/>
        <result column="sd_approval_id" property="sdApprovalId"/>
        <result column="sd_approval_index" property="sdApprovalIndex"/>
        <result column="sd_approval_duty_type" property="sdApprovalDutyType"/>
        <result column="sd_approval_type" property="sdApprovalType"/>
    </resultMap>


    <select id="selectApprovalGroupPage" resultMap="approvalGroupResultMap">
        select * from sd_approval_group where is_deleted = 0
    </select>

</mapper>
