<?xml version="1.0" encoding="UTF-8"?>
<!DOCTYPE mapper PUBLIC "-//mybatis.org//DTD Mapper 3.0//EN" "http://mybatis.org/dtd/mybatis-3-mapper.dtd">
<mapper namespace="org.springblade.modules.productclass.mapper.ProductClassMapper">

    <!-- 通用查询映射结果 -->
    <resultMap id="productClassResultMap" type="org.springblade.modules.productclass.entity.ProductClass">
        <result column="id" property="id"/>
        <result column="create_user" property="createUser"/>
        <result column="create_dept" property="createDept"/>
        <result column="update_user" property="updateUser"/>
        <result column="update_time" property="updateTime"/>
        <result column="status" property="status"/>
        <result column="is_deleted" property="isDeleted"/>
        <result column="sd_product_class_name" property="sdProductClassName"/>
        <result column="sd_product_class_remarks" property="sdProductClassRemarks"/>
        <result column="sd_product_class_parent_id" property="sdProductClassParentId"/>
        <result column="sd_product_class_parent_name" property="sdProductClassParentName"/>
        <result column="sd_product_class_parent_no" property="sdProductClassParentNo"/>
    </resultMap>


    <resultMap id="BaseTreeResultMap" type="org.springblade.modules.productclass.vo.ProductClassVO">
        <result column="id" property="id"/>
        <result column="create_user" property="createUser"/>
        <result column="create_dept" property="createDept"/>
        <result column="update_user" property="updateUser"/>
        <result column="create_time" property="createTime"/>
        <result column="update_time" property="updateTime"/>
        <result column="status" property="status"/>
        <result column="is_deleted" property="isDeleted"/>
        <result column="sd_product_class_name" property="sdProductClassName"/>
        <result column="sd_product_class_remarks" property="sdProductClassRemarks"/>
        <result column="sd_product_class_parent_id" property="sdProductClassParentId"/>
        <result column="sd_product_class_parent_name" property="sdProductClassParentName"/>
        <result column="sd_product_class_parent_no" property="sdProductClassParentNo"/>
        <collection column="id" property="treeList" javaType="java.util.ArrayList"
                    ofType="org.springblade.modules.productclass.vo.ProductClassVO" select="getNextNodeTree"/>
    </resultMap>

    <resultMap id="NextTreeResultMap" type="org.springblade.modules.productclass.vo.ProductClassVO">
        <result column="id" property="id"/>
        <result column="create_user" property="createUser"/>
        <result column="create_dept" property="createDept"/>
        <result column="update_user" property="updateUser"/>
        <result column="update_time" property="updateTime"/>
        <result column="status" property="status"/>
        <result column="is_deleted" property="isDeleted"/>
        <result column="sd_product_class_name" property="sdProductClassName"/>
        <result column="sd_product_class_remarks" property="sdProductClassRemarks"/>
        <result column="sd_product_class_parent_id" property="sdProductClassParentId"/>
        <result column="sd_product_class_parent_name" property="sdProductClassParentName"/>
        <result column="sd_product_class_parent_no" property="sdProductClassParentNo"/>
        <collection column="id" property="treeList" javaType="java.util.ArrayList"
                    ofType="org.springblade.modules.productclass.vo.ProductClassVO" select="getNextNodeTree"/>
    </resultMap>

    <select id="getNextNodeTree" resultMap="NextTreeResultMap">
        SELECT * FROM sd_product_class  WHERE is_deleted = 0 and sd_product_class_parent_id = #{id}
    </select>

    <select id="getNodeTree" resultMap="BaseTreeResultMap">
        SELECT * FROM sd_product_class WHERE is_deleted = 0 and sd_product_class_parent_id = 0
    </select>

    <select id="selectProductClassPage" resultMap="BaseTreeResultMap">
        select * from sd_product_class where is_deleted = 0 and sd_product_class_parent_id = 0
    </select>

</mapper>
