<?xml version="1.0" encoding="UTF-8"?>
<!DOCTYPE mapper PUBLIC "-//mybatis.org//DTD Mapper 3.0//EN" "http://mybatis.org/dtd/mybatis-3-mapper.dtd">
<mapper namespace="org.springblade.modules.highseasrule.mapper.HighSeasRuleMapper">

    <!-- 通用查询映射结果 -->
    <resultMap id="highSeasRuleResultMap" type="org.springblade.modules.highseasrule.entity.HighSeasRule">
        <result column="id" property="id"/>
        <result column="create_user" property="createUser"/>
        <result column="create_dept" property="createDept"/>
        <result column="create_time" property="createTime"/>
        <result column="update_user" property="updateUser"/>
        <result column="update_time" property="updateTime"/>
        <result column="status" property="status"/>
        <result column="is_deleted" property="isDeleted"/>
        <result column="sd_high_seas_id" property="sdHighSeasId"/>
        <result column="sd_labels_id" property="sdLabelsId"/>
        <result column="sd_high_seas_days" property="sdHighSeasDays"/>
        <result column="sd_high_seas_time" property="sdHighSeasTime"/>
        <result column="sd_high_seas_type" property="sdHighSeasType"/>
    </resultMap>


    <select id="selectHighSeasRulePage" resultMap="highSeasRuleResultMap">
        select * from sd_high_seas_rule where is_deleted = 0
    </select>

</mapper>
