<?xml version="1.0" encoding="UTF-8"?>
<!DOCTYPE mapper PUBLIC "-//mybatis.org//DTD Mapper 3.0//EN" "http://mybatis.org/dtd/mybatis-3-mapper.dtd">
<mapper namespace="org.springblade.modules.product.mapper.ProductMapper">

    <!-- 通用查询映射结果 -->
    <resultMap id="productResultMap" type="org.springblade.modules.product.entity.Product">
        <result column="id" property="id"/>
        <result column="create_user" property="createUser"/>
        <result column="create_dept" property="createDept"/>
        <result column="update_user" property="updateUser"/>
        <result column="update_time" property="updateTime"/>
        <result column="status" property="status"/>
        <result column="is_deleted" property="isDeleted"/>
        <result column="sd_product_name" property="sdProductName"/>
        <result column="sd_product_type" property="sdProductType"/>
        <result column="sd_product_price" property="sdProductPrice"/>
        <result column="sd_product_remarks" property="sdProductRemarks"/>
        <result column="create_time" property="createTime"/>
    </resultMap>


    <select id="selectProductPage" resultMap="productResultMap">
        select * from sd_product where is_deleted = 0
    </select>

<!--    productDetail-->
    <select id="productDetail" resultMap="productDetail">
        select * from sd_product where is_deleted = 0
        <if test="productId != null and productId != ''">
            and id = #{productId}
        </if>
    </select>

    <resultMap id="productDetail" type="org.springblade.modules.product.vo.ProductDetailVO">
        <result column="id" property="id"/>
        <result column="sd_product_name" property="sdProductName"/>
        <result column="sd_product_type" property="sdProductType"/>
        <result column="sd_product_price" property="sdProductPrice"/>
        <result column="sd_product_remarks" property="sdProductRemarks"/>
        <result column="create_time" property="createTime"/>
        <collection column="create_user" property="createUser" javaType="java.lang.String" ofType="java.lang.String"
                select="getCreateUser"></collection>
    </resultMap>

    <select id="getCreateUser" resultType="java.lang.String">
        select real_name from blade_user where id = #{create_user}
    </select>

</mapper>
